agent,mime_type,fecha_sent,hora_sent,mensajes_enviados,mensajes_leidos,mensajes_fallidos,mensajes_facturables,nombre_archivo
bot,,2026-10-01,00,4848,2140,3,4815,01_10_2026_31_10_2026.csv
bot,,2026-10-01,01,1250,475,48,1126,01_10_2026_31_10_2026.csv
bot,,2026-10-01,02,442,150,0,403,01_10_2026_31_10_2026.csv
bot,,2026-10-01,03,446,128,2,440,01_10_2026_31_10_2026.csv
bot,,2026-10-01,04,218,59,0,208,01_10_2026_31_10_2026.csv
bot,,2026-10-01,05,168,55,0,150,01_10_2026_31_10_2026.csv
bot,,2026-10-01,06,80,19,0,73,01_10_2026_31_10_2026.csv
bot,,2026-10-01,07,57,21,0,41,01_10_2026_31_10_2026.csv
bot,,2026-10-01,08,34,18,0,22,01_10_2026_31_10_2026.csv
bot,,2026-10-01,09,30,26,0,4,01_10_2026_31_10_2026.csv
bot,,2026-10-01,10,34,28,0,12,01_10_2026_31_10_2026.csv
bot,,2026-10-01,11,56,43,0,17,01_10_2026_31_10_2026.csv
bot,,2026-10-01,12,192,127,93,81,01_10_2026_31_10_2026.csv
bot,,2026-10-01,13,1313,1169,1076,198,01_10_2026_31_10_2026.csv
bot,,2026-10-01,14,703,317,0,662,01_10_2026_31_10_2026.csv
bot,,2026-10-01,15,683,407,295,348,01_10_2026_31_10_2026.csv
bot,,2026-10-01,16,937,367,22,828,01_10_2026_31_10_2026.csv
bot,,2026-10-01,17,4641,1703,167,4413,01_10_2026_31_10_2026.csv
bot,,2026-10-01,18,9963,6581,2696,7177,01_10_2026_31_10_2026.csv
bot,,2026-10-01,19,3787,1244,61,3652,01_10_2026_31_10_2026.csv
bot,,2026-10-01,20,10174,3829,634,9508,01_10_2026_31_10_2026.csv
bot,,2026-10-01,21,19664,10458,4803,14777,01_10_2026_31_10_2026.csv
bot,,2026-10-01,22,36863,22397,12645,24061,01_10_2026_31_10_2026.csv
bot,,2026-10-01,23,24544,16222,9584,14762,01_10_2026_31_10_2026.csv
bot,,2026-10-02,00,9602,3144,315,9250,01_10_2026_31_10_2026.csv
bot,,2026-10-02,01,14114,7591,3835,10202,01_10_2026_31_10_2026.csv
bot,,2026-10-02,02,789,173,0,756,01_10_2026_31_10_2026.csv
bot,,2026-10-02,03,672,178,0,632,01_10_2026_31_10_2026.csv
bot,,2026-10-02,04,445,108,0,438,01_10_2026_31_10_2026.csv
bot,,2026-10-02,05,175,39,3,160,01_10_2026_31_10_2026.csv
bot,,2026-10-02,06,88,33,1,69,01_10_2026_31_10_2026.csv
bot,,2026-10-02,07,49,8,0,47,01_10_2026_31_10_2026.csv
bot,,2026-10-02,08,34,14,0,25,01_10_2026_31_10_2026.csv
bot,,2026-10-02,09,20,4,0,17,01_10_2026_31_10_2026.csv
bot,,2026-10-02,10,24,6,0,20,01_10_2026_31_10_2026.csv
bot,,2026-10-02,11,40,19,0,24,01_10_2026_31_10_2026.csv
bot,,2026-10-02,12,114,31,0,95,01_10_2026_31_10_2026.csv
bot,,2026-10-02,13,3657,3534,3454,173,01_10_2026_31_10_2026.csv
bot,,2026-10-02,14,654,436,340,269,01_10_2026_31_10_2026.csv
bot,,2026-10-02,15,866,337,18,783,01_10_2026_31_10_2026.csv
bot,,2026-10-02,16,6665,3872,990,5630,01_10_2026_31_10_2026.csv
bot,,2026-10-02,17,7104,2355,10,7006,01_10_2026_31_10_2026.csv
bot,,2026-10-02,18,23937,18766,6866,16836,01_10_2026_31_10_2026.csv
bot,,2026-10-02,19,5695,3308,1522,4111,01_10_2026_31_10_2026.csv
bot,,2026-10-02,20,3353,950,40,3275,01_10_2026_31_10_2026.csv
bot,,2026-10-02,21,14567,8214,91,14445,01_10_2026_31_10_2026.csv
bot,,2026-10-02,22,6210,2054,17,6166,01_10_2026_31_10_2026.csv
bot,,2026-10-02,23,13093,7041,1568,11423,01_10_2026_31_10_2026.csv
bot,,2026-10-03,00,6929,2588,20,6866,01_10_2026_31_10_2026.csv
bot,,2026-10-03,01,739,194,0,692,01_10_2026_31_10_2026.csv
bot,,2026-10-03,02,392,118,20,321,01_10_2026_31_10_2026.csv
bot,,2026-10-03,03,350,98,0,347,01_10_2026_31_10_2026.csv
bot,,2026-10-03,04,200,66,0,179,01_10_2026_31_10_2026.csv
bot,,2026-10-03,05,125,31,0,116,01_10_2026_31_10_2026.csv
bot,,2026-10-03,06,107,28,1,99,01_10_2026_31_10_2026.csv
bot,,2026-10-03,07,32,17,0,25,01_10_2026_31_10_2026.csv
bot,,2026-10-03,08,24,7,0,18,01_10_2026_31_10_2026.csv
bot,,2026-10-03,09,20,11,0,13,01_10_2026_31_10_2026.csv
bot,,2026-10-03,10,136,130,118,14,01_10_2026_31_10_2026.csv
bot,,2026-10-03,11,24,12,0,18,01_10_2026_31_10_2026.csv
bot,,2026-10-03,12,82,44,0,47,01_10_2026_31_10_2026.csv
bot,,2026-10-03,13,173,82,41,108,01_10_2026_31_10_2026.csv
bot,,2026-10-03,14,809,272,0,779,01_10_2026_31_10_2026.csv
bot,,2026-10-03,15,16678,13691,9215,7408,01_10_2026_31_10_2026.csv
bot,,2026-10-03,16,7903,4075,14,7857,01_10_2026_31_10_2026.csv
bot,,2026-10-03,17,520,178,3,459,01_10_2026_31_10_2026.csv
bot,,2026-10-03,18,5060,3122,1198,3800,01_10_2026_31_10_2026.csv
bot,,2026-10-03,19,12603,6293,39,12518,01_10_2026_31_10_2026.csv
bot,,2026-10-03,20,3269,1438,5,3250,01_10_2026_31_10_2026.csv
bot,,2026-10-03,21,3375,1464,3,3333,01_10_2026_31_10_2026.csv
bot,,2026-10-03,22,3085,1431,8,3016,01_10_2026_31_10_2026.csv
bot,,2026-10-03,23,3049,1401,1,3023,01_10_2026_31_10_2026.csv
bot,,2026-10-04,00,3096,1453,8,3050,01_10_2026_31_10_2026.csv
bot,,2026-10-04,01,326,98,0,291,01_10_2026_31_10_2026.csv
bot,,2026-10-04,02,309,131,0,237,01_10_2026_31_10_2026.csv
bot,,2026-10-04,03,204,61,0,195,01_10_2026_31_10_2026.csv
bot,,2026-10-04,04,107,19,0,101,01_10_2026_31_10_2026.csv
bot,,2026-10-04,05,78,16,0,66,01_10_2026_31_10_2026.csv
bot,,2026-10-04,06,42,12,0,39,01_10_2026_31_10_2026.csv
bot,,2026-10-04,07,43,25,0,26,01_10_2026_31_10_2026.csv
bot,,2026-10-04,08,19,11,0,11,01_10_2026_31_10_2026.csv
bot,,2026-10-04,09,20,5,0,17,01_10_2026_31_10_2026.csv
bot,,2026-10-04,10,11,8,0,5,01_10_2026_31_10_2026.csv
bot,,2026-10-04,11,18,11,0,8,01_10_2026_31_10_2026.csv
bot,,2026-10-04,12,73,57,0,22,01_10_2026_31_10_2026.csv
bot,,2026-10-04,13,90,51,0,50,01_10_2026_31_10_2026.csv
bot,,2026-10-04,14,95,30,0,84,01_10_2026_31_10_2026.csv
bot,,2026-10-04,15,250,85,0,182,01_10_2026_31_10_2026.csv
bot,,2026-10-04,16,369,196,0,213,01_10_2026_31_10_2026.csv
bot,,2026-10-04,17,243,81,0,206,01_10_2026_31_10_2026.csv
bot,,2026-10-04,18,2441,732,16,2384,01_10_2026_31_10_2026.csv
bot,,2026-10-04,19,249,91,0,210,01_10_2026_31_10_2026.csv
bot,,2026-10-04,20,8565,5326,1545,6951,01_10_2026_31_10_2026.csv
bot,,2026-10-04,21,5643,2519,13,5590,01_10_2026_31_10_2026.csv
bot,,2026-10-04,22,2092,1050,7,2055,01_10_2026_31_10_2026.csv
bot,,2026-10-04,23,5801,2635,8,5753,01_10_2026_31_10_2026.csv
bot,,2026-10-05,00,417,106,1,373,01_10_2026_31_10_2026.csv
bot,,2026-10-05,01,228,67,0,207,01_10_2026_31_10_2026.csv
bot,,2026-10-05,02,175,74,0,141,01_10_2026_31_10_2026.csv
bot,,2026-10-05,03,193,45,0,188,01_10_2026_31_10_2026.csv
bot,,2026-10-05,04,118,44,0,107,01_10_2026_31_10_2026.csv
bot,,2026-10-05,05,70,25,0,60,01_10_2026_31_10_2026.csv
bot,,2026-10-05,06,51,8,0,50,01_10_2026_31_10_2026.csv
bot,,2026-10-05,07,23,14,0,16,01_10_2026_31_10_2026.csv
bot,,2026-10-05,08,18,10,0,12,01_10_2026_31_10_2026.csv
bot,,2026-10-05,09,16,10,0,7,01_10_2026_31_10_2026.csv
bot,,2026-10-05,10,15,6,0,9,01_10_2026_31_10_2026.csv
bot,,2026-10-05,11,47,32,0,24,01_10_2026_31_10_2026.csv
bot,,2026-10-05,12,48,15,0,40,01_10_2026_31_10_2026.csv
bot,,2026-10-05,13,658,559,489,126,01_10_2026_31_10_2026.csv
bot,,2026-10-05,14,1471,1083,730,720,01_10_2026_31_10_2026.csv
bot,,2026-10-05,15,784,276,115,643,01_10_2026_31_10_2026.csv
bot,,2026-10-05,16,9090,5091,949,8104,01_10_2026_31_10_2026.csv
bot,,2026-10-05,17,1225,684,528,653,01_10_2026_31_10_2026.csv
bot,,2026-10-05,18,11004,5845,960,10002,01_10_2026_31_10_2026.csv
bot,,2026-10-05,19,18467,11729,4354,14016,01_10_2026_31_10_2026.csv
bot,,2026-10-05,20,14518,8784,3046,11433,01_10_2026_31_10_2026.csv
bot,,2026-10-05,21,11899,6486,36,11852,01_10_2026_31_10_2026.csv
bot,,2026-10-05,22,7051,4787,1122,5890,01_10_2026_31_10_2026.csv
bot,,2026-10-05,23,2683,917,2,2671,01_10_2026_31_10_2026.csv
bot,,2026-10-06,00,1866,1186,709,1141,01_10_2026_31_10_2026.csv
bot,,2026-10-06,01,391,112,0,362,01_10_2026_31_10_2026.csv
bot,,2026-10-06,02,300,81,0,277,01_10_2026_31_10_2026.csv
bot,,2026-10-06,03,260,65,0,257,01_10_2026_31_10_2026.csv
bot,,2026-10-06,04,154,49,0,140,01_10_2026_31_10_2026.csv
bot,,2026-10-06,05,119,66,0,78,01_10_2026_31_10_2026.csv
bot,,2026-10-06,06,45,23,0,30,01_10_2026_31_10_2026.csv
bot,,2026-10-06,07,21,4,0,19,01_10_2026_31_10_2026.csv
bot,,2026-10-06,08,21,14,0,8,01_10_2026_31_10_2026.csv
bot,,2026-10-06,09,8,7,0,3,01_10_2026_31_10_2026.csv
bot,,2026-10-06,10,263,255,233,16,01_10_2026_31_10_2026.csv
bot,,2026-10-06,11,21,15,0,13,01_10_2026_31_10_2026.csv
bot,,2026-10-06,12,92,53,1,53,01_10_2026_31_10_2026.csv
bot,,2026-10-06,13,149,72,0,121,01_10_2026_31_10_2026.csv
bot,,2026-10-06,14,866,436,128,713,01_10_2026_31_10_2026.csv
bot,,2026-10-06,15,2878,1544,427,2352,01_10_2026_31_10_2026.csv
bot,,2026-10-06,16,975,395,0,904,01_10_2026_31_10_2026.csv
bot,,2026-10-06,17,5464,2175,101,5312,01_10_2026_31_10_2026.csv
bot,,2026-10-06,18,1057,376,0,989,01_10_2026_31_10_2026.csv
bot,,2026-10-06,19,7416,4645,1214,5971,01_10_2026_31_10_2026.csv
bot,,2026-10-06,20,2540,844,2,2482,01_10_2026_31_10_2026.csv
bot,,2026-10-06,21,12372,7091,33,12273,01_10_2026_31_10_2026.csv
bot,,2026-10-06,22,12593,9094,3800,8690,01_10_2026_31_10_2026.csv
bot,,2026-10-06,23,6125,2242,12,6067,01_10_2026_31_10_2026.csv
bot,,2026-10-07,00,5303,3296,272,4945,01_10_2026_31_10_2026.csv
bot,,2026-10-07,01,510,186,0,449,01_10_2026_31_10_2026.csv
bot,,2026-10-07,02,338,91,0,315,01_10_2026_31_10_2026.csv
bot,,2026-10-07,03,300,79,0,286,01_10_2026_31_10_2026.csv
bot,,2026-10-07,04,188,66,1,167,01_10_2026_31_10_2026.csv
bot,,2026-10-07,05,96,20,1,84,01_10_2026_31_10_2026.csv
bot,,2026-10-07,06,65,28,0,52,01_10_2026_31_10_2026.csv
bot,,2026-10-07,07,29,19,0,12,01_10_2026_31_10_2026.csv
bot,,2026-10-07,08,31,19,0,14,01_10_2026_31_10_2026.csv
bot,,2026-10-07,09,27,14,0,14,01_10_2026_31_10_2026.csv
bot,,2026-10-07,10,45,18,0,29,01_10_2026_31_10_2026.csv
bot,,2026-10-07,11,56,30,0,31,01_10_2026_31_10_2026.csv
bot,,2026-10-07,12,679,646,617,46,01_10_2026_31_10_2026.csv
bot,,2026-10-07,13,99,48,0,67,01_10_2026_31_10_2026.csv
bot,,2026-10-07,14,965,425,4,906,01_10_2026_31_10_2026.csv
bot,,2026-10-07,15,2099,1605,926,1122,01_10_2026_31_10_2026.csv
bot,,2026-10-07,16,365,115,0,337,01_10_2026_31_10_2026.csv
bot,,2026-10-07,17,8380,4799,711,7563,01_10_2026_31_10_2026.csv
bot,,2026-10-07,18,5211,2109,19,5143,01_10_2026_31_10_2026.csv
bot,,2026-10-07,19,5152,2391,11,5062,01_10_2026_31_10_2026.csv
bot,,2026-10-07,20,13857,8809,2823,10765,01_10_2026_31_10_2026.csv
bot,,2026-10-07,21,9150,5072,450,8656,01_10_2026_31_10_2026.csv
bot,,2026-10-07,22,7242,4286,18,7178,01_10_2026_31_10_2026.csv
bot,,2026-10-07,23,8895,4297,117,8742,01_10_2026_31_10_2026.csv
bot,,2026-10-08,00,850,256,0,809,01_10_2026_31_10_2026.csv
bot,,2026-10-08,01,409,136,0,383,01_10_2026_31_10_2026.csv
bot,,2026-10-08,02,1284,1030,385,819,01_10_2026_31_10_2026.csv
bot,,2026-10-08,03,266,89,0,245,01_10_2026_31_10_2026.csv
bot,,2026-10-08,04,175,55,0,160,01_10_2026_31_10_2026.csv
bot,,2026-10-08,05,91,28,0,88,01_10_2026_31_10_2026.csv
bot,,2026-10-08,06,85,34,0,61,01_10_2026_31_10_2026.csv
bot,,2026-10-08,07,64,36,0,40,01_10_2026_31_10_2026.csv
bot,,2026-10-08,08,42,29,0,19,01_10_2026_31_10_2026.csv
bot,,2026-10-08,09,22,9,0,14,01_10_2026_31_10_2026.csv
bot,,2026-10-08,10,31,27,0,6,01_10_2026_31_10_2026.csv
bot,,2026-10-08,11,55,49,0,10,01_10_2026_31_10_2026.csv
bot,,2026-10-08,12,1665,1626,1584,53,01_10_2026_31_10_2026.csv
bot,,2026-10-08,13,1681,1592,1529,132,01_10_2026_31_10_2026.csv
bot,,2026-10-08,14,10921,10392,9900,957,01_10_2026_31_10_2026.csv
bot,,2026-10-08,15,19120,18823,18671,407,01_10_2026_31_10_2026.csv
bot,,2026-10-08,16,11663,10925,9093,2358,01_10_2026_31_10_2026.csv
bot,,2026-10-08,17,18612,15933,9018,8892,01_10_2026_31_10_2026.csv
bot,,2026-10-08,18,16141,12311,6104,9473,01_10_2026_31_10_2026.csv
bot,,2026-10-08,19,40087,37141,15782,22123,01_10_2026_31_10_2026.csv
bot,,2026-10-08,20,75810,71700,29206,42464,01_10_2026_31_10_2026.csv
bot,,2026-10-08,21,54649,49247,25969,25995,01_10_2026_31_10_2026.csv
bot,,2026-10-08,22,13895,12730,6435,6404,01_10_2026_31_10_2026.csv
bot,,2026-10-08,23,8680,7739,3456,4720,01_10_2026_31_10_2026.csv
bot,,2026-10-09,00,7895,7046,4241,3310,01_10_2026_31_10_2026.csv
bot,,2026-10-09,01,327,115,1,300,01_10_2026_31_10_2026.csv
bot,,2026-10-09,02,219,71,0,199,01_10_2026_31_10_2026.csv
bot,,2026-10-09,03,143,49,0,134,01_10_2026_31_10_2026.csv
bot,,2026-10-09,04,99,33,0,89,01_10_2026_31_10_2026.csv
bot,,2026-10-09,05,50,20,0,42,01_10_2026_31_10_2026.csv
bot,,2026-10-09,06,57,26,0,50,01_10_2026_31_10_2026.csv
bot,,2026-10-09,07,30,20,0,18,01_10_2026_31_10_2026.csv
bot,,2026-10-09,08,48,38,0,12,01_10_2026_31_10_2026.csv
bot,,2026-10-09,09,46,35,0,29,01_10_2026_31_10_2026.csv
bot,,2026-10-09,10,25,15,0,16,01_10_2026_31_10_2026.csv
bot,,2026-10-09,11,71,55,0,46,01_10_2026_31_10_2026.csv
bot,,2026-10-09,12,71,27,0,57,01_10_2026_31_10_2026.csv
bot,,2026-10-09,13,8,4,0,0,01_10_2026_31_10_2026.csv
agent,,2026-10-01,00,906,152,0,900,01_10_2026_31_10_2026.csv
agent,,2026-10-01,01,530,142,0,527,01_10_2026_31_10_2026.csv
agent,,2026-10-01,02,333,84,0,333,01_10_2026_31_10_2026.csv
agent,,2026-10-01,03,181,43,0,181,01_10_2026_31_10_2026.csv
agent,,2026-10-01,04,1,0,0,1,01_10_2026_31_10_2026.csv
agent,,2026-10-01,05,57,18,0,57,01_10_2026_31_10_2026.csv
agent,,2026-10-01,12,16,6,0,16,01_10_2026_31_10_2026.csv
agent,,2026-10-01,13,92,27,0,78,01_10_2026_31_10_2026.csv
agent,,2026-10-01,14,240,83,0,217,01_10_2026_31_10_2026.csv
agent,,2026-10-01,15,347,116,0,315,01_10_2026_31_10_2026.csv
agent,,2026-10-01,16,514,123,0,464,01_10_2026_31_10_2026.csv
agent,,2026-10-01,17,404,106,0,371,01_10_2026_31_10_2026.csv
agent,,2026-10-01,18,435,88,0,413,01_10_2026_31_10_2026.csv
agent,,2026-10-01,19,848,138,0,821,01_10_2026_31_10_2026.csv
agent,,2026-10-01,20,1140,211,0,1129,01_10_2026_31_10_2026.csv
agent,,2026-10-01,21,1622,271,0,1603,01_10_2026_31_10_2026.csv
agent,,2026-10-01,22,1737,319,0,1731,01_10_2026_31_10_2026.csv
agent,,2026-10-01,23,1554,324,0,1538,01_10_2026_31_10_2026.csv
agent,,2026-10-02,00,1594,273,0,1593,01_10_2026_31_10_2026.csv
agent,,2026-10-02,01,1070,150,0,1070,01_10_2026_31_10_2026.csv
agent,,2026-10-02,02,903,185,0,903,01_10_2026_31_10_2026.csv
agent,,2026-10-02,03,317,100,0,317,01_10_2026_31_10_2026.csv
agent,,2026-10-02,04,5,0,0,5,01_10_2026_31_10_2026.csv
agent,,2026-10-02,13,48,26,0,27,01_10_2026_31_10_2026.csv
agent,,2026-10-02,14,114,27,0,98,01_10_2026_31_10_2026.csv
agent,,2026-10-02,15,655,142,0,613,01_10_2026_31_10_2026.csv
agent,,2026-10-02,16,775,205,0,756,01_10_2026_31_10_2026.csv
agent,,2026-10-02,17,792,164,0,783,01_10_2026_31_10_2026.csv
agent,,2026-10-02,18,1312,243,0,1297,01_10_2026_31_10_2026.csv
agent,,2026-10-02,19,1375,241,0,1375,01_10_2026_31_10_2026.csv
agent,,2026-10-02,20,1251,250,0,1231,01_10_2026_31_10_2026.csv
agent,,2026-10-02,21,946,184,0,945,01_10_2026_31_10_2026.csv
agent,,2026-10-02,22,830,172,0,829,01_10_2026_31_10_2026.csv
agent,,2026-10-02,23,1016,237,0,1000,01_10_2026_31_10_2026.csv
agent,,2026-10-03,00,703,135,0,690,01_10_2026_31_10_2026.csv
agent,,2026-10-03,01,384,73,0,384,01_10_2026_31_10_2026.csv
agent,,2026-10-03,02,143,34,0,143,01_10_2026_31_10_2026.csv
agent,,2026-10-03,03,154,33,0,154,01_10_2026_31_10_2026.csv
agent,,2026-10-03,04,2,0,0,2,01_10_2026_31_10_2026.csv
agent,,2026-10-03,12,4,0,0,4,01_10_2026_31_10_2026.csv
agent,,2026-10-03,13,54,18,0,37,01_10_2026_31_10_2026.csv
agent,,2026-10-03,14,342,123,0,312,01_10_2026_31_10_2026.csv
agent,,2026-10-03,15,441,106,0,422,01_10_2026_31_10_2026.csv
agent,,2026-10-03,16,949,244,0,945,01_10_2026_31_10_2026.csv
agent,,2026-10-03,17,847,204,0,791,01_10_2026_31_10_2026.csv
agent,,2026-10-03,18,774,155,0,727,01_10_2026_31_10_2026.csv
agent,,2026-10-03,19,998,159,0,968,01_10_2026_31_10_2026.csv
agent,,2026-10-03,20,754,137,0,751,01_10_2026_31_10_2026.csv
agent,,2026-10-03,21,575,128,0,575,01_10_2026_31_10_2026.csv
agent,,2026-10-03,22,598,120,0,558,01_10_2026_31_10_2026.csv
agent,,2026-10-03,23,534,101,0,529,01_10_2026_31_10_2026.csv
agent,,2026-10-04,00,438,60,0,438,01_10_2026_31_10_2026.csv
agent,,2026-10-04,01,367,65,0,367,01_10_2026_31_10_2026.csv
agent,,2026-10-04,02,178,46,0,178,01_10_2026_31_10_2026.csv
agent,,2026-10-04,03,48,19,0,48,01_10_2026_31_10_2026.csv
agent,,2026-10-04,13,18,18,0,0,01_10_2026_31_10_2026.csv
agent,,2026-10-04,14,1,1,0,0,01_10_2026_31_10_2026.csv
agent,,2026-10-04,15,15,15,0,0,01_10_2026_31_10_2026.csv
agent,,2026-10-04,16,101,38,0,90,01_10_2026_31_10_2026.csv
agent,,2026-10-04,17,234,58,0,212,01_10_2026_31_10_2026.csv
agent,,2026-10-04,18,198,54,0,172,01_10_2026_31_10_2026.csv
agent,,2026-10-04,19,190,55,0,183,01_10_2026_31_10_2026.csv
agent,,2026-10-04,20,281,101,0,243,01_10_2026_31_10_2026.csv
agent,,2026-10-04,21,458,135,0,426,01_10_2026_31_10_2026.csv
agent,,2026-10-04,22,568,136,0,549,01_10_2026_31_10_2026.csv
agent,,2026-10-04,23,351,94,0,335,01_10_2026_31_10_2026.csv
agent,,2026-10-05,00,133,30,0,119,01_10_2026_31_10_2026.csv
agent,,2026-10-05,01,28,3,0,28,01_10_2026_31_10_2026.csv
agent,,2026-10-05,02,7,0,0,7,01_10_2026_31_10_2026.csv
agent,,2026-10-05,03,6,1,0,6,01_10_2026_31_10_2026.csv
agent,,2026-10-05,12,2,0,0,2,01_10_2026_31_10_2026.csv
agent,,2026-10-05,13,122,61,0,89,01_10_2026_31_10_2026.csv
agent,,2026-10-05,14,171,35,0,163,01_10_2026_31_10_2026.csv
agent,,2026-10-05,15,281,51,0,272,01_10_2026_31_10_2026.csv
agent,,2026-10-05,16,756,183,0,743,01_10_2026_31_10_2026.csv
agent,,2026-10-05,17,687,158,0,666,01_10_2026_31_10_2026.csv
agent,,2026-10-05,18,799,138,0,783,01_10_2026_31_10_2026.csv
agent,,2026-10-05,19,1477,282,0,1477,01_10_2026_31_10_2026.csv
agent,,2026-10-05,20,1706,383,0,1684,01_10_2026_31_10_2026.csv
agent,,2026-10-05,21,1677,355,0,1665,01_10_2026_31_10_2026.csv
agent,,2026-10-05,22,1268,278,0,1265,01_10_2026_31_10_2026.csv
agent,,2026-10-05,23,877,165,0,877,01_10_2026_31_10_2026.csv
agent,,2026-10-06,00,569,118,0,569,01_10_2026_31_10_2026.csv
agent,,2026-10-06,01,352,64,0,352,01_10_2026_31_10_2026.csv
agent,,2026-10-06,02,313,46,0,313,01_10_2026_31_10_2026.csv
agent,,2026-10-06,03,162,63,0,162,01_10_2026_31_10_2026.csv
agent,,2026-10-06,13,76,35,0,70,01_10_2026_31_10_2026.csv
agent,,2026-10-06,14,233,66,0,221,01_10_2026_31_10_2026.csv
agent,,2026-10-06,15,435,99,0,419,01_10_2026_31_10_2026.csv
agent,,2026-10-06,16,534,193,0,482,01_10_2026_31_10_2026.csv
agent,,2026-10-06,17,839,266,0,803,01_10_2026_31_10_2026.csv
agent,,2026-10-06,18,623,183,0,582,01_10_2026_31_10_2026.csv
agent,,2026-10-06,19,685,154,0,655,01_10_2026_31_10_2026.csv
agent,,2026-10-06,20,732,215,0,688,01_10_2026_31_10_2026.csv
agent,,2026-10-06,21,973,240,0,940,01_10_2026_31_10_2026.csv
agent,,2026-10-06,22,1020,264,0,1014,01_10_2026_31_10_2026.csv
agent,,2026-10-06,23,1316,279,0,1293,01_10_2026_31_10_2026.csv
agent,,2026-10-07,00,1010,256,0,1001,01_10_2026_31_10_2026.csv
agent,,2026-10-07,01,698,196,0,697,01_10_2026_31_10_2026.csv
agent,,2026-10-07,02,309,109,0,309,01_10_2026_31_10_2026.csv
agent,,2026-10-07,03,228,85,0,228,01_10_2026_31_10_2026.csv
agent,,2026-10-07,13,26,19,0,14,01_10_2026_31_10_2026.csv
agent,,2026-10-07,14,185,73,0,178,01_10_2026_31_10_2026.csv
agent,,2026-10-07,15,232,81,0,209,01_10_2026_31_10_2026.csv
agent,,2026-10-07,16,325,113,0,300,01_10_2026_31_10_2026.csv
agent,,2026-10-07,17,502,139,0,479,01_10_2026_31_10_2026.csv
agent,,2026-10-07,18,1224,265,0,1195,01_10_2026_31_10_2026.csv
agent,,2026-10-07,19,1462,375,0,1421,01_10_2026_31_10_2026.csv
agent,,2026-10-07,20,1233,380,0,1223,01_10_2026_31_10_2026.csv
agent,,2026-10-07,21,1176,266,0,1156,01_10_2026_31_10_2026.csv
agent,,2026-10-07,22,1166,269,0,1164,01_10_2026_31_10_2026.csv
agent,,2026-10-07,23,1208,324,0,1172,01_10_2026_31_10_2026.csv
agent,,2026-10-08,00,844,200,0,835,01_10_2026_31_10_2026.csv
agent,,2026-10-08,01,344,89,0,339,01_10_2026_31_10_2026.csv
agent,,2026-10-08,02,281,58,0,281,01_10_2026_31_10_2026.csv
agent,,2026-10-08,03,146,27,0,146,01_10_2026_31_10_2026.csv
agent,,2026-10-08,04,1,0,0,1,01_10_2026_31_10_2026.csv
agent,,2026-10-08,12,17,4,0,17,01_10_2026_31_10_2026.csv
agent,,2026-10-08,13,182,52,0,177,01_10_2026_31_10_2026.csv
agent,,2026-10-08,14,203,74,0,155,01_10_2026_31_10_2026.csv
agent,,2026-10-08,15,229,70,0,202,01_10_2026_31_10_2026.csv
agent,,2026-10-08,16,185,45,0,179,01_10_2026_31_10_2026.csv
agent,,2026-10-08,17,305,86,0,299,01_10_2026_31_10_2026.csv
agent,,2026-10-08,18,280,49,0,270,01_10_2026_31_10_2026.csv
agent,,2026-10-08,19,191,48,0,182,01_10_2026_31_10_2026.csv
agent,,2026-10-08,20,235,50,0,223,01_10_2026_31_10_2026.csv
agent,,2026-10-08,21,180,68,0,173,01_10_2026_31_10_2026.csv
agent,,2026-10-08,22,127,56,0,89,01_10_2026_31_10_2026.csv
agent,,2026-10-08,23,176,28,0,163,01_10_2026_31_10_2026.csv
agent,,2026-10-09,00,76,25,0,76,01_10_2026_31_10_2026.csv
agent,,2026-10-09,01,6,0,0,6,01_10_2026_31_10_2026.csv
agent,,2026-10-09,02,1,0,0,1,01_10_2026_31_10_2026.csv
agent,,2026-10-09,12,11,4,0,10,01_10_2026_31_10_2026.csv
agent,,2026-10-09,13,4,4,0,0,01_10_2026_31_10_2026.csv
